{
   "actors":[
      { "type":"Block", "pos":[0.0, 0.0, -350.0], "scale":500.0, "texture":11 },
      { "type":"Block", "pos":[500.0, 0.0, -350.0], "scale":500.0, "texture":11 },
      { "type":"Block", "pos":[0.0, -500.0, 150.0], "scale":500.0, "texture":8 },
      { "type":"Block", "pos":[0.0, 500.0, 150.0], "scale":500.0, "texture":8 },
      { "type":"Block", "pos":[0.0, -500.0, 650.0], "scale":500.0, "texture":8 },
      { "type":"Block", "pos":[0.0, 500.0, 650.0], "scale":500.0, "texture":8 },
      { "type":"Block", "pos":[500.0, -500.0, 150.0], "scale":500.0, "texture":8 },
      { "type":"Block", "pos":[500.0, 500.0, 150.0], "scale":500.0, "texture":8 },
      { "type":"Block", "pos":[500.0, -500.0, 650.0], "scale":500.0, "texture":8 },
      { "type":"Block", "pos":[500.0, 500.0, 650.0], "scale":500.0, "texture":8 },
      { "type":"Block", "pos":[-500.0, 0.0, 150.0], "scale":500.0, "texture":7 },
      { "type":"Block", "pos":[-500.0, 0.0, 650.0], "scale":500.0, "texture":7 },
      { "type":"Block", "pos":[1000.0, 0.0, 150.0], "scale":500.0, "texture":7 },
      { "type":"Block", "pos":[1000.0, 0.0, 650.0], "scale":500.0, "texture":7 },
      { "type":"Player", "pos":[0.0, 0.0, 0.0] },
      { "type":"Checkpoint", "pos":[500.0, 0.0, -50.0], "text":"CONGRATULATIONS!" },
      { "type":"Coin", "pos":[250.0, -150.0, -50.0], "scale":0.25 },
      { "type":"Coin", "pos":[250.0, -100.0, -50.0], "scale":0.25 },
      { "type":"Coin", "pos":[250.0, -50.0, -50.0], "scale":0.25 },
      { "type":"Coin", "pos":[250.0, 0.0, -50.0], "scale":0.25 },
      { "type":"Coin", "pos":[250.0, 50.0, -50.0], "scale":0.25 },
      { "type":"Coin", "pos":[250.0, 100.0, -50.0], "scale":0.25 },
      { "type":"Coin", "pos":[250.0, 150.0, -50.0], "scale":0.25 },
      { "type":"Coin", "pos":[300.0, -150.0, -50.0], "scale":0.25 },
      { "type":"Coin", "pos":[300.0, -100.0, -50.0], "scale":0.25 },
      { "type":"Coin", "pos":[300.0, -50.0, -50.0], "scale":0.25 },
      { "type":"Coin", "pos":[300.0, 0.0, -50.0], "scale":0.25 },
      { "type":"Coin", "pos":[300.0, 50.0, -50.0], "scale":0.25 },
      { "type":"Coin", "pos":[300.0, 100.0, -50.0], "scale":0.25 },
      { "type":"Coin", "pos":[300.0, 150.0, -50.0], "scale":0.25 },
      { "type":"Coin", "pos":[350.0, -150.0, -50.0], "scale":0.25 },
      { "type":"Coin", "pos":[350.0, -100.0, -50.0], "scale":0.25 },
      { "type":"Coin", "pos":[350.0, -50.0, -50.0], "scale":0.25 },
      { "type":"Coin", "pos":[350.0, 0.0, -50.0], "scale":0.25 },
      { "type":"Coin", "pos":[350.0, 50.0, -50.0], "scale":0.25 },
      { "type":"Coin", "pos":[350.0, 100.0, -50.0], "scale":0.25 },
      { "type":"Coin", "pos":[350.0, 150.0, -50.0], "scale":0.25 },
      { "type":"Coin", "pos":[400.0, -150.0, -50.0], "scale":0.25 },
      { "type":"Coin", "pos":[400.0, -100.0, -50.0], "scale":0.25 },
      { "type":"Coin", "pos":[400.0, -50.0, -50.0], "scale":0.25 },
      { "type":"Coin", "pos":[400.0, 0.0, -50.0], "scale":0.25 },
      { "type":"Coin", "pos":[400.0, 50.0, -50.0], "scale":0.25 },
      { "type":"Coin", "pos":[400.0, 100.0, -50.0], "scale":0.25 },
      { "type":"Coin", "pos":[400.0, 150.0, -50.0], "scale":0.25 },
      { "type":"Coin", "pos":[450.0, -150.0, -50.0], "scale":0.25 },
      { "type":"Coin", "pos":[450.0, -100.0, -50.0], "scale":0.25 },
      { "type":"Coin", "pos":[450.0, -50.0, -50.0], "scale":0.25 },
      { "type":"Coin", "pos":[450.0, 0.0, -50.0], "scale":0.25 },
      { "type":"Coin", "pos":[450.0, 50.0, -50.0], "scale":0.25 },
      { "type":"Coin", "pos":[450.0, 100.0, -50.0], "scale":0.25 },
      { "type":"Coin", "pos":[450.0, 150.0, -50.0], "scale":0.25 },
      { "type":"Coin", "pos":[550.0, -150.0, -50.0], "scale":0.25 },
      { "type":"Coin", "pos":[550.0, -100.0, -50.0], "scale":0.25 },
      { "type":"Coin", "pos":[550.0, -50.0, -50.0], "scale":0.25 },
      { "type":"Coin", "pos":[550.0, 0.0, -50.0], "scale":0.25 },
      { "type":"Coin", "pos":[550.0, 50.0, -50.0], "scale":0.25 },
      { "type":"Coin", "pos":[550.0, 100.0, -50.0], "scale":0.25 },
      { "type":"Coin", "pos":[550.0, 150.0, -50.0], "scale":0.25 },
      { "type":"Coin", "pos":[600.0, -150.0, -50.0], "scale":0.25 },
      { "type":"Coin", "pos":[600.0, -100.0, -50.0], "scale":0.25 },
      { "type":"Coin", "pos":[600.0, -50.0, -50.0], "scale":0.25 },
      { "type":"Coin", "pos":[600.0, 0.0, -50.0], "scale":0.25 },
      { "type":"Coin", "pos":[600.0, 50.0, -50.0], "scale":0.25 },
      { "type":"Coin", "pos":[600.0, 100.0, -50.0], "scale":0.25 },
      { "type":"Coin", "pos":[600.0, 150.0, -50.0], "scale":0.25 }
   ]
}
