{
   "actors":[
      { "type":"Block", "pos":[0.0, 0.0, -350.0], "scale":500.0, "texture":2 },
      { "type":"Block", "pos":[-500.0, 0.0, -250.0], "scale":500.0, "texture":6 },
      { "type":"Block", "pos":[-1000.0, 0.0, 0.0], "scale":500.0, "texture":6 },
      { "type":"Block", "pos":[-1300.0, -400.0, 500.0], "scale":500.0, "texture":6 },
      { "type":"Block", "pos":[-1300.0, 400.0, 500.0], "scale":500.0, "texture":6 },
      { "type":"Block", "pos":[-1800.0, -400.0, 500.0], "scale":500.0, "texture":6 },
      { "type":"Block", "pos":[-1800.0, 400.0, 500.0], "scale":500.0, "texture":6 },
      { "type":"Block", "pos":[-2150.0, 0.0, 0.0], "scale":500.0, "texture":6 },
		{ "type":"Block", "pos":[-2650.0, 0.0, 500.0], "scale":500.0, "texture":6 },
		{ "type":"Block", "pos":[-2650.0, -500.0, 500.0], "scale":500.0, "texture":6 },
		{ "type":"Block", "pos":[-2650.0, -1000.0, 500.0], "scale":500.0, "texture":6 },
		{ "type":"Block", "pos":[-2150.0, -1000.0, 0.0], "scale":500.0, "texture":6 },
      { "type":"Block", "pos":[0.0, -500.0, -250.0], "scale":500.0, "texture":3 },
      { "type":"Block", "pos":[0.0, 500.0, -250.0], "scale":500.0, "texture":4 },
      { "type":"Block", "pos":[500.0, -125.0, 75.0], "scale":100.0, "texture":1 },
      { "type":"Block", "pos":[500.0, 0.0, 75.0], "scale":100.0, "texture":3 },
      { "type":"Block", "pos":[500.0, 125.0, 75.0], "scale":100.0, "texture":4 },
		{ "type":"LaserMine", "pos":[-50.0, -249.0, -50.0], "quat":[0.0, 0.0, 0.706825, 0.707388] },
		{ "type":"LaserMine", "pos":[-1200.0, 149.0, 500.0], "quat":[0.0, 0.0, -0.706825, 0.707388] },
		{ "type":"LaserMine", "pos":[-1200.0, 149.0, 400.0], "quat":[0.0, 0.0, -0.706825, 0.707388] },
		{ "type":"LaserMine", "pos":[-1200.0, 149.0, 300.0], "quat":[0.0, 0.0, -0.706825, 0.707388] },
		{ "type":"LaserMine", "pos":[-2051.0, -600.0, 400.0], "quat":[0.0, 0.0, 1.000000, -0.000000] },
		{ "type":"LaserMine", "pos":[-249.0, 0.0, -50.0], "quat":[0.0, 0.0, 0.0, 1.0] },
		{ "type":"LaserMine", "pos":[-1300.0, -149.0, 300.0], "quat":[0.0, 0.0, 0.923879, 0.382683] },
		{ "type":"LaserMine", "pos":[-1900.0, -149.0, 300.0], "quat":[0.0, -0.122787, 0.696364, 0.707106] },
		{ "type":"LaserMine", "pos":[-200.0, -100.0, -99.0], "quat":[0.0, -0.707106, 0.0, 0.707106] },
		{ "type":"LaserMine", "pos":[-200.0, 100.0, -99.0], "quat":[0.0, -0.707106, 0.0, 0.707106] },
      { "type":"Player", "pos":[100.0, 0.0, 0.0], "rot":3.14 }
   ]
}
