{
   "actors":[
      { "type":"Block", "pos":[0.0, 0.0, -350.0], "scale":500.0, "texture":11 },
      { "type":"Block", "pos":[-500.0, 0.0, -350.0], "scale":500.0, "texture":7 },
      { "type":"Block", "pos":[-500.0, 0.0, 150.0], "scale":500.0, "texture":7 },
      { "type":"Block", "pos":[-500.0, 0.0, 650.0], "scale":500.0, "texture":7 },
      { "type":"Block", "pos":[500.0, 0.0, -350.0], "scale":500.0, "texture":11 },
      { "type":"Block", "pos":[1250.0, 0.0, -350.0], "scale":500.0, "texture":11 },
      { "type":"Block", "pos":[1750.0, 0.0, -350.0], "scale":500.0, "texture":11 },
      { "type":"Block", "pos":[2250.0, 0.0, -250.0], "scale":500.0, "texture":6 },
      { "type":"Block", "pos":[2750.0, 0.0, -250.0], "scale":500.0, "texture":11 },
      { "type":"Block", "pos":[3250.0, 0.0, 0.0], "scale":500.0, "texture":6 },
      { "type":"Block", "pos":[3750.0, 0.0, 0.0], "scale":500.0, "texture":11 },
      { "type":"Block", "pos":[3900.0, 0.0, -250.0], "scale":500.0, "texture":11 },
      { "type":"Block", "pos":[4400.0, 0.0, -500.0], "scale":500.0, "texture":11 },
      { "type":"Block", "pos":[4750.0, 0.0, 0.0], "scale":500.0, "texture":6 },
      { "type":"Block", "pos":[5250.0, 0.0, 0.0], "scale":500.0, "texture":11 },
      { "type":"Block", "pos":[5750.0, 0.0, 0.0], "scale":500.0, "texture":11 },
      { "type":"Block", "pos":[6250.0, 0.0, 0.0], "scale":500.0, "texture":11 },
      { "type":"Block", "pos":[7250.0, 0.0, -150.0], "scale":500.0, "texture":7 },
      { "type":"Block", "pos":[7750.0, 0.0, -150.0], "scale":500.0, "texture":11 },
		{ "type":"Block", "pos":[8250.0, 0.0, -150.0], "scale":500.0, "texture":11 },
		{ "type":"Block", "pos":[8750.0, 0.0, -150.0], "scale":500.0, "texture":11 },
      { "type":"Block", "pos":[0.0, -500.0, -350.0], "scale":500.0, "texture":8 },
      { "type":"Block", "pos":[0.0, 500.0, -350.0], "scale":500.0, "texture":8 },
      { "type":"Block", "pos":[0.0, -500.0, 150.0], "scale":500.0, "texture":8 },
      { "type":"Block", "pos":[0.0, 500.0, 150.0], "scale":500.0, "texture":8 },
      { "type":"Block", "pos":[0.0, -500.0, 650.0], "scale":500.0, "texture":8 },
      { "type":"Block", "pos":[0.0, 500.0, 650.0], "scale":500.0, "texture":8 },
      { "type":"Block", "pos":[500.0, -500.0, -350.0], "scale":500.0, "texture":8 },
      { "type":"Block", "pos":[500.0, 500.0, -350.0], "scale":500.0, "texture":8 },
      { "type":"Block", "pos":[500.0, -500.0, 150.0], "scale":500.0, "texture":8 },
      { "type":"Block", "pos":[500.0, 500.0, 150.0], "scale":500.0, "texture":8 },
      { "type":"Block", "pos":[500.0, -500.0, 650.0], "scale":500.0, "texture":8 },
      { "type":"Block", "pos":[500.0, 500.0, 650.0], "scale":500.0, "texture":8 },
      { "type":"Block", "pos":[1000.0, -500.0, -350.0], "scale":500.0, "texture":8 },
      { "type":"Block", "pos":[1000.0, 500.0, -350.0], "scale":500.0, "texture":8 },
      { "type":"Block", "pos":[1000.0, -500.0, 150.0], "scale":500.0, "texture":8 },
      { "type":"Block", "pos":[1000.0, 500.0, 150.0], "scale":500.0, "texture":8 },
      { "type":"Block", "pos":[1000.0, -500.0, 650.0], "scale":500.0, "texture":8 },
      { "type":"Block", "pos":[1000.0, 500.0, 650.0], "scale":500.0, "texture":8 },
      { "type":"Block", "pos":[1500.0, -500.0, -350.0], "scale":500.0, "texture":8 },
      { "type":"Block", "pos":[1500.0, 500.0, -350.0], "scale":500.0, "texture":8 },
      { "type":"Block", "pos":[1500.0, -500.0, 150.0], "scale":500.0, "texture":8 },
      { "type":"Block", "pos":[1500.0, 500.0, 150.0], "scale":500.0, "texture":8 },
      { "type":"Block", "pos":[1500.0, -500.0, 650.0], "scale":500.0, "texture":8 },
      { "type":"Block", "pos":[1500.0, 500.0, 650.0], "scale":500.0, "texture":8 },
      { "type":"Block", "pos":[2000.0, -500.0, -350.0], "scale":500.0, "texture":8 },
      { "type":"Block", "pos":[2000.0, 500.0, -350.0], "scale":500.0, "texture":8 },
      { "type":"Block", "pos":[2000.0, -500.0, 150.0], "scale":500.0, "texture":8 },
      { "type":"Block", "pos":[2000.0, 500.0, 150.0], "scale":500.0, "texture":8 },
      { "type":"Block", "pos":[2000.0, -500.0, 650.0], "scale":500.0, "texture":8 },
      { "type":"Block", "pos":[2000.0, 500.0, 650.0], "scale":500.0, "texture":8 },
      { "type":"Block", "pos":[2500.0, -500.0, -350.0], "scale":500.0, "texture":8 },
      { "type":"Block", "pos":[2500.0, 500.0, -350.0], "scale":500.0, "texture":8 },
      { "type":"Block", "pos":[2500.0, -500.0, 150.0], "scale":500.0, "texture":8 },
      { "type":"Block", "pos":[2500.0, 500.0, 150.0], "scale":500.0, "texture":8 },
      { "type":"Block", "pos":[2500.0, -500.0, 650.0], "scale":500.0, "texture":8 },
      { "type":"Block", "pos":[2500.0, 500.0, 650.0], "scale":500.0, "texture":8 },
      { "type":"Block", "pos":[3000.0, -500.0, -350.0], "scale":500.0, "texture":8 },
      { "type":"Block", "pos":[3000.0, 500.0, -350.0], "scale":500.0, "texture":8 },
      { "type":"Block", "pos":[3000.0, -500.0, 150.0], "scale":500.0, "texture":8 },
      { "type":"Block", "pos":[3000.0, 500.0, 150.0], "scale":500.0, "texture":8 },
      { "type":"Block", "pos":[3000.0, -500.0, 650.0], "scale":500.0, "texture":8 },
      { "type":"Block", "pos":[3000.0, 500.0, 650.0], "scale":500.0, "texture":8 },
      { "type":"Block", "pos":[3500.0, -500.0, -350.0], "scale":500.0, "texture":8 },
      { "type":"Block", "pos":[3500.0, 500.0, -350.0], "scale":500.0, "texture":8 },
      { "type":"Block", "pos":[3500.0, -500.0, 150.0], "scale":500.0, "texture":8 },
      { "type":"Block", "pos":[3500.0, 500.0, 150.0], "scale":500.0, "texture":8 },
      { "type":"Block", "pos":[3500.0, -500.0, 650.0], "scale":500.0, "texture":8 },
      { "type":"Block", "pos":[3500.0, 500.0, 650.0], "scale":500.0, "texture":8 },
      { "type":"Block", "pos":[4000.0, -500.0, -350.0], "scale":500.0, "texture":8 },
      { "type":"Block", "pos":[4000.0, 500.0, -350.0], "scale":500.0, "texture":8 },
      { "type":"Block", "pos":[4000.0, -500.0, 150.0], "scale":500.0, "texture":8 },
      { "type":"Block", "pos":[4000.0, 500.0, 150.0], "scale":500.0, "texture":8 },
      { "type":"Block", "pos":[4000.0, -500.0, 650.0], "scale":500.0, "texture":8 },
      { "type":"Block", "pos":[4000.0, 500.0, 650.0], "scale":500.0, "texture":8 },
      { "type":"Block", "pos":[4500.0, -500.0, -350.0], "scale":500.0, "texture":8 },
      { "type":"Block", "pos":[4500.0, 500.0, -350.0], "scale":500.0, "texture":8 },
      { "type":"Block", "pos":[4500.0, -500.0, 150.0], "scale":500.0, "texture":8 },
      { "type":"Block", "pos":[4500.0, 500.0, 150.0], "scale":500.0, "texture":8 },
      { "type":"Block", "pos":[4500.0, -500.0, 650.0], "scale":500.0, "texture":8 },
      { "type":"Block", "pos":[4500.0, 500.0, 650.0], "scale":500.0, "texture":8 },
      { "type":"Block", "pos":[5000.0, -500.0, -350.0], "scale":500.0, "texture":8 },
      { "type":"Block", "pos":[5000.0, 500.0, -350.0], "scale":500.0, "texture":8 },
      { "type":"Block", "pos":[5000.0, -500.0, 150.0], "scale":500.0, "texture":8 },
      { "type":"Block", "pos":[5000.0, 500.0, 150.0], "scale":500.0, "texture":8 },
      { "type":"Block", "pos":[5000.0, -500.0, 650.0], "scale":500.0, "texture":8 },
      { "type":"Block", "pos":[5000.0, 500.0, 650.0], "scale":500.0, "texture":8 },
      { "type":"Block", "pos":[5500.0, -500.0, -350.0], "scale":500.0, "texture":8 },
      { "type":"Block", "pos":[5500.0, 500.0, -350.0], "scale":500.0, "texture":8 },
      { "type":"Block", "pos":[5500.0, -500.0, 150.0], "scale":500.0, "texture":8 },
      { "type":"Block", "pos":[5500.0, 500.0, 150.0], "scale":500.0, "texture":8 },
      { "type":"Block", "pos":[5500.0, -500.0, 650.0], "scale":500.0, "texture":8 },
      { "type":"Block", "pos":[5500.0, 500.0, 650.0], "scale":500.0, "texture":8 },
      { "type":"Block", "pos":[6000.0, -500.0, -350.0], "scale":500.0, "texture":8 },
      { "type":"Block", "pos":[6000.0, 500.0, -350.0], "scale":500.0, "texture":8 },
      { "type":"Block", "pos":[6000.0, -500.0, 150.0], "scale":500.0, "texture":8 },
      { "type":"Block", "pos":[6000.0, 500.0, 150.0], "scale":500.0, "texture":8 },
      { "type":"Block", "pos":[6000.0, -500.0, 650.0], "scale":500.0, "texture":8 },
      { "type":"Block", "pos":[6000.0, 500.0, 650.0], "scale":500.0, "texture":8 },
      { "type":"Block", "pos":[6500.0, -500.0, -350.0], "scale":500.0, "texture":8 },
      { "type":"Block", "pos":[6500.0, 500.0, -350.0], "scale":500.0, "texture":8 },
      { "type":"Block", "pos":[6500.0, -500.0, 150.0], "scale":500.0, "texture":8 },
      { "type":"Block", "pos":[6500.0, 500.0, 150.0], "scale":500.0, "texture":8 },
      { "type":"Block", "pos":[6500.0, -500.0, 650.0], "scale":500.0, "texture":8 },
      { "type":"Block", "pos":[6500.0, 500.0, 650.0], "scale":500.0, "texture":8 },
      { "type":"Block", "pos":[7000.0, -500.0, -350.0], "scale":500.0, "texture":8 },
      { "type":"Block", "pos":[7000.0, 500.0, -350.0], "scale":500.0, "texture":8 },
      { "type":"Block", "pos":[7000.0, -500.0, 150.0], "scale":500.0, "texture":8 },
      { "type":"Block", "pos":[7000.0, 500.0, 150.0], "scale":500.0, "texture":8 },
      { "type":"Block", "pos":[7000.0, -500.0, 650.0], "scale":500.0, "texture":8 },
      { "type":"Block", "pos":[7000.0, 500.0, 650.0], "scale":500.0, "texture":8 },
      { "type":"Block", "pos":[7500.0, -500.0, -350.0], "scale":500.0, "texture":8 },
      { "type":"Block", "pos":[7500.0, 500.0, -350.0], "scale":500.0, "texture":8 },
      { "type":"Block", "pos":[7500.0, -500.0, 150.0], "scale":500.0, "texture":8 },
      { "type":"Block", "pos":[7500.0, 500.0, 150.0], "scale":500.0, "texture":8 },
      { "type":"Block", "pos":[7500.0, -500.0, 650.0], "scale":500.0, "texture":8 },
      { "type":"Block", "pos":[7500.0, 500.0, 650.0], "scale":500.0, "texture":8 },
      { "type":"Block", "pos":[8000.0, -500.0, -350.0], "scale":500.0, "texture":8 },
      { "type":"Block", "pos":[8000.0, 500.0, -350.0], "scale":500.0, "texture":8 },
      { "type":"Block", "pos":[8000.0, -500.0, 150.0], "scale":500.0, "texture":8 },
      { "type":"Block", "pos":[8000.0, 500.0, 150.0], "scale":500.0, "texture":8 },
      { "type":"Block", "pos":[8000.0, -500.0, 650.0], "scale":500.0, "texture":8 },
      { "type":"Block", "pos":[8000.0, 500.0, 650.0], "scale":500.0, "texture":8 },
		{ "type":"Block", "pos":[8500.0, -500.0, -350.0], "scale":500.0, "texture":8 },
      { "type":"Block", "pos":[8500.0, 500.0, -350.0], "scale":500.0, "texture":8 },
      { "type":"Block", "pos":[8500.0, -500.0, 150.0], "scale":500.0, "texture":8 },
      { "type":"Block", "pos":[8500.0, 500.0, 150.0], "scale":500.0, "texture":8 },
      { "type":"Block", "pos":[8500.0, -500.0, 650.0], "scale":500.0, "texture":8 },
      { "type":"Block", "pos":[8500.0, 500.0, 650.0], "scale":500.0, "texture":8 },
		{ "type":"Block", "pos":[9000.0, -500.0, -350.0], "scale":500.0, "texture":8 },
      { "type":"Block", "pos":[9000.0, 500.0, -350.0], "scale":500.0, "texture":8 },
      { "type":"Block", "pos":[9000.0, -500.0, 150.0], "scale":500.0, "texture":8 },
      { "type":"Block", "pos":[9000.0, 500.0, 150.0], "scale":500.0, "texture":8 },
      { "type":"Block", "pos":[9000.0, -500.0, 650.0], "scale":500.0, "texture":8 },
      { "type":"Block", "pos":[9000.0, 500.0, 650.0], "scale":500.0, "texture":8 },
      { "type":"Block", "pos":[9250.0, 0.0, -350.0], "scale":500.0, "texture":7 },
      { "type":"Block", "pos":[9250.0, 0.0, 150.0], "scale":500.0, "texture":7 },
      { "type":"Block", "pos":[9250.0, 0.0, 650.0], "scale":500.0, "texture":7 },
		{ "type":"Block", "pos":[5250.0, 0.0, -350.0], "scale":500.0, "texture":7 },
      { "type":"Block", "pos":[5250.0, 0.0, 150.0], "scale":500.0, "texture":7 },
      { "type":"Block", "pos":[5250.0, 0.0, 650.0], "scale":500.0, "texture":7 },
		{ "type":"LaserMine", "pos":[760.0, -249.0, -102.0], "quat":[0.0, 0.0, 0.671558, 0.740951] },
		{ "type":"Block", "pos":[810.0, 249.0, -102.0], "scale":15.0, "texture":13, "mirror":true },
		{ "type":"Block", "pos":[860.0, -249.0, -102.0], "scale":15.0, "texture":13, "mirror":true },
		{ "type":"Block", "pos":[910.0, 249.0, -102.0], "scale":15.0, "texture":13, "mirror":true },
		{ "type":"LaserMine", "pos":[1950.0, -249.0, -80.0], "quat":[0.0, 0.0, 0.706825, 0.707388] },
		{ "type":"SecurityCamera", "pos":[2700.0, -249.0, 250.0], "quat":[0.0, 0.408248, 0.288675, 0.866025],
			"startQ":[0.0, 0.408248, 0.288675, 0.866025], "endQ":[0.0, 0.707106, 0.500000, 0.499999],
			"interpTime":4.0, "pauseTime":2.5 },
		{ "type":"SecurityCamera", "pos":[2700.0, 249.0, 250.0], "quat":[0.0, 0.408248, 0.288675, 0.866025],
			"startQ":[0.0, 0.408248, -0.288675, 0.866025], "endQ":[0.0, 0.707106, -0.500000, 0.499999],
			"interpTime":4.0, "pauseTime":2.5 },
		{ "type":"SecurityCamera", "pos":[3000.0, 0.0, 250.0], "quat":[0.0, 0.408248, 0.288675, 0.866025],
			"startQ":[0.0, -1.0, 0.0, 0.0], "endQ":[0.0, -0.923879, 0.000000, -0.382683],
			"interpTime":4.0, "pauseTime":2.5 },
		{ "type":"LaserMine", "pos":[4000.0, -249.0, 300.0], "quat":[0.0, 0.0, 0.706825, 0.707388] },
		{ "type":"LaserMine", "pos":[4100.0, -249.0, 350.0], "quat":[0.0, 0.0, 0.706825, 0.707388] },
		{ "type":"LaserMine", "pos":[4200.0, -249.0, 350.0], "quat":[0.0, 0.0, 0.706825, 0.707388] },
		{ "type":"LaserMine", "pos":[4300.0, -249.0, 350.0], "quat":[0.0, 0.0, 0.706825, 0.707388] },
		{ "type":"LaserMine", "pos":[4400.0, -249.0, 300.0], "quat":[0.0, 0.0, 0.706825, 0.707388] },
      { "type":"Player", "pos":[-100.0, 0.0, 0.0] },
		{ "type":"Checkpoint", "pos":[3500.0, 0.0, 300.0], "text":"CHECKPOINT" },
      { "type":"Checkpoint", "pos":[4700.0, 0.0, 300.0], "text":"CHECKPOINT", "level":"Assets/CoinVault.json" }
   ]
}
