{
   "actors":[
      { "type":"Block", "pos":[0.0, 0.0, -350.0], "scale":500.0, "texture":2 },
      { "type":"Block", "pos":[500.0, 0.0, -250.0], "scale":500.0, "texture":6 },
      { "type":"Block", "pos":[1000.0, 0.0, 0.0], "scale":500.0, "texture":6 },
      { "type":"Block", "pos":[1300.0, -400.0, 500.0], "scale":500.0, "texture":6 },
      { "type":"Block", "pos":[1300.0, 400.0, 500.0], "scale":500.0, "texture":6 },
      { "type":"Block", "pos":[1800.0, -400.0, 500.0], "scale":500.0, "texture":6 },
      { "type":"Block", "pos":[1800.0, 400.0, 500.0], "scale":500.0, "texture":6 },
      { "type":"Block", "pos":[2150.0, 0.0, 0.0], "scale":500.0, "texture":11 },
      { "type":"Block", "pos":[2650.0, 350.0, 500.0], "scale":500.0, "texture":6 },
      { "type":"Block", "pos":[2650.0, 850.0, 500.0], "scale":500.0, "texture":6 },
      { "type":"Block", "pos":[2150.0, 1150.0, 0.0], "scale":500.0, "texture":11 },
      { "type":"Block", "pos":[1650.0, 1500.0, 500.0], "scale":500.0, "texture":6 },
      { "type":"Block", "pos":[1650.0, 2000.0, 500.0], "scale":500.0, "texture":6 },
      { "type":"Block", "pos":[2150.0, 2300.0, 0.0], "scale":500.0, "texture":11 },
      { "type":"Block", "pos":[2650.0, 2300.0, -250.0], "scale":500.0, "texture":12 },
      { "type":"Block", "pos":[1650.0, 2500.0, 500.0], "scale":500.0, "texture":6 },
      { "type":"Block", "pos":[1650.0, 3000.0, 500.0], "scale":500.0, "texture":6 },
      { "type":"Block", "pos":[2150.0, 3350.0, 0.0], "scale":500.0, "texture":11 },
      { "type":"Block", "pos":[2650.0, 3350.0, 300.0], "scale":500.0, "texture":6 },
      { "type":"Block", "pos":[3150.0, 3350.0, 600.0], "scale":500.0, "texture":6 },
      { "type":"Block", "pos":[3650.0, 3350.0, 900.0], "scale":500.0, "texture":6 },
      { "type":"Block", "pos":[4150.0, 3350.0, 1200.0], "scale":500.0, "texture":6 },
      { "type":"Block", "pos":[0.0, -500.0, -250.0], "scale":500.0, "texture":3 },
      { "type":"Block", "pos":[0.0, 500.0, -250.0], "scale":500.0, "texture":4 },
      { "type":"Block", "pos":[-500.0, -125.0, 75.0], "scale":100.0, "texture":1 },
      { "type":"Block", "pos":[-500.0, 0.0, 75.0], "scale":100.0, "texture":3 },
      { "type":"Block", "pos":[-500.0, 125.0, 75.0], "scale":100.0, "texture":4 },
      { "type":"Player", "pos":[-100.0, 0.0, 0.0] },
      { "type":"Checkpoint", "pos":[2150.0, 0.0, 300.0], "text":"CHECKPOINT"},
      { "type":"Checkpoint", "pos":[2150.0, 3350.0, 300.0], "text":"CHECKPOINT"},
      { "type":"Checkpoint", "pos":[4150.0, 3350.0, 1500.0], "text":"STAGE 1 COMPLETE!", "level":"Assets/Stage02.json"},
      { "type":"Coin", "pos":[-500.0, 0.0, 160.0], "scale":0.25 },
      { "type":"Coin", "pos":[1100.0, -200.0, 800.0], "scale":0.25},
      { "type":"Coin", "pos":[2850.0, 2300.0, 50.0], "scale":0.25}
   ]
}
