{
   "actors":[
      { "type":"Block", "pos":[0.0, 0.0, -350.0], "scale":500.0, "texture":11 },
      { "type":"Block", "pos":[500.0, 0.0, -50.0], "scale":500.0, "texture":11 },
      { "type":"Block", "pos":[1000.0, 0.0, 250.0], "scale":500.0, "texture":11 },
      { "type":"Block", "pos":[1000.0, -500.0, 750.0], "scale":500.0, "texture":8 },
      { "type":"Block", "pos":[1000.0, 500.0, 750.0], "scale":500.0, "texture":8 },
      { "type":"Block", "pos":[1500.0, -500.0, 750.0], "scale":500.0, "texture":8 },
      { "type":"Block", "pos":[1500.0, 500.0, 750.0], "scale":500.0, "texture":8 },
      { "type":"Block", "pos":[2000.0, 0.0, 750.0], "scale":500.0, "texture":8 },
      { "type":"Block", "pos":[1250.0, 0.0, 0.0], "scale":500.0, "texture":12 },
      { "type":"Block", "pos":[1500.0, 0.0, -700.0], "scale":500.0, "texture":12 },
      { "type":"Block", "pos":[1000.0, 0.0, -700.0], "scale":500.0, "texture":12 },
      { "type":"Block", "pos":[2000.0, 0.0, 250.0], "scale":500.0, "texture":12 },
      { "type":"Block", "pos":[2000.0, 0.0, -250.0], "scale":500.0, "texture":12 },
      { "type":"Block", "pos":[1500.0, -500.0, 250.0], "scale":500.0, "texture":12 },
      { "type":"Block", "pos":[1500.0, -500.0, -250.0], "scale":500.0, "texture":12 },
      { "type":"Block", "pos":[1500.0, 500.0, 250.0], "scale":500.0, "texture":12 },
      { "type":"Block", "pos":[1500.0, 500.0, -250.0], "scale":500.0, "texture":12 },
      { "type":"Player", "pos":[-100.0, 0.0, 0.0] },
      { "type":"Checkpoint", "pos":[1000.0, 0.0, 550.0], "text":"Only in the leap from the lion's head\nwill she prove her worth." },
      { "type":"Checkpoint", "pos":[1200.0, 0.0, -400.0], "text":"STAGE 2 COMPLETE!", "level":"Assets/Stage03.json" },
      { "type":"Coin", "pos":[800.0, -300.0, 1050.0], "scale":0.25},
      { "type":"Coin", "pos":[800.0, 300.0, 1050.0], "scale":0.25}
   ]
}
