{
   "actors":[
      { "type":"Block", "pos":[0.0, 0.0, -350.0], "scale":500.0, "texture":11 },
      { "type":"Block", "pos":[-500.0, 0.0, -350.0], "scale":500.0, "texture":7 },
      { "type":"Block", "pos":[-500.0, 0.0, 150.0], "scale":500.0, "texture":7 },
      { "type":"Block", "pos":[-500.0, 0.0, 650.0], "scale":500.0, "texture":7 },
      { "type":"Block", "pos":[500.0, 0.0, -350.0], "scale":500.0, "texture":11 },
      { "type":"Block", "pos":[1250.0, 0.0, -350.0], "scale":500.0, "texture":11 },
      { "type":"Block", "pos":[1750.0, 0.0, -350.0], "scale":500.0, "texture":11 },
      { "type":"Block", "pos":[2250.0, 0.0, -250.0], "scale":500.0, "texture":6 },
      { "type":"Block", "pos":[2750.0, 0.0, -250.0], "scale":500.0, "texture":11 },
      { "type":"Block", "pos":[3250.0, 0.0, 0.0], "scale":500.0, "texture":6 },
      { "type":"Block", "pos":[3750.0, 0.0, 0.0], "scale":500.0, "texture":11 },
      { "type":"Block", "pos":[3900.0, 0.0, -250.0], "scale":500.0, "texture":11 },
      { "type":"Block", "pos":[4400.0, 0.0, -500.0], "scale":500.0, "texture":11 },
      { "type":"Block", "pos":[4750.0, 0.0, 0.0], "scale":500.0, "texture":6 },
      { "type":"Block", "pos":[5250.0, 0.0, 0.0], "scale":500.0, "texture":11 },
      { "type":"Block", "pos":[5750.0, 0.0, 0.0], "scale":500.0, "texture":11 },
      { "type":"Block", "pos":[6250.0, 0.0, 0.0], "scale":500.0, "texture":11 },
      { "type":"Block", "pos":[7250.0, 0.0, -150.0], "scale":500.0, "texture":7 },
      { "type":"Block", "pos":[7750.0, 0.0, -150.0], "scale":500.0, "texture":11 },
		{ "type":"Block", "pos":[8250.0, 0.0, -150.0], "scale":500.0, "texture":11 },
		{ "type":"Block", "pos":[8750.0, 0.0, -150.0], "scale":500.0, "texture":11 },
      { "type":"Block", "pos":[0.0, -500.0, -350.0], "scale":500.0, "texture":8 },
      { "type":"Block", "pos":[0.0, 500.0, -350.0], "scale":500.0, "texture":8 },
      { "type":"Block", "pos":[0.0, -500.0, 150.0], "scale":500.0, "texture":8 },
      { "type":"Block", "pos":[0.0, 500.0, 150.0], "scale":500.0, "texture":8 },
      { "type":"Block", "pos":[0.0, -500.0, 650.0], "scale":500.0, "texture":8 },
      { "type":"Block", "pos":[0.0, 500.0, 650.0], "scale":500.0, "texture":8 },
      { "type":"Block", "pos":[500.0, -500.0, -350.0], "scale":500.0, "texture":8 },
      { "type":"Block", "pos":[500.0, 500.0, -350.0], "scale":500.0, "texture":8 },
      { "type":"Block", "pos":[500.0, -500.0, 150.0], "scale":500.0, "texture":8 },
      { "type":"Block", "pos":[500.0, 500.0, 150.0], "scale":500.0, "texture":8 },
      { "type":"Block", "pos":[500.0, -500.0, 650.0], "scale":500.0, "texture":8 },
      { "type":"Block", "pos":[500.0, 500.0, 650.0], "scale":500.0, "texture":8 },
      { "type":"Block", "pos":[1000.0, -500.0, -350.0], "scale":500.0, "texture":8 },
      { "type":"Block", "pos":[1000.0, 500.0, -350.0], "scale":500.0, "texture":8 },
      { "type":"Block", "pos":[1000.0, -500.0, 150.0], "scale":500.0, "texture":8 },
      { "type":"Block", "pos":[1000.0, 500.0, 150.0], "scale":500.0, "texture":8 },
      { "type":"Block", "pos":[1000.0, -500.0, 650.0], "scale":500.0, "texture":8 },
      { "type":"Block", "pos":[1000.0, 500.0, 650.0], "scale":500.0, "texture":8 },
      { "type":"Block", "pos":[1500.0, -500.0, -350.0], "scale":500.0, "texture":8 },
      { "type":"Block", "pos":[1500.0, 500.0, -350.0], "scale":500.0, "texture":8 },
      { "type":"Block", "pos":[1500.0, -500.0, 150.0], "scale":500.0, "texture":8 },
      { "type":"Block", "pos":[1500.0, 500.0, 150.0], "scale":500.0, "texture":8 },
      { "type":"Block", "pos":[1500.0, -500.0, 650.0], "scale":500.0, "texture":8 },
      { "type":"Block", "pos":[1500.0, 500.0, 650.0], "scale":500.0, "texture":8 },
      { "type":"Block", "pos":[2000.0, -500.0, -350.0], "scale":500.0, "texture":8 },
      { "type":"Block", "pos":[2000.0, 500.0, -350.0], "scale":500.0, "texture":8 },
      { "type":"Block", "pos":[2000.0, -500.0, 150.0], "scale":500.0, "texture":8 },
      { "type":"Block", "pos":[2000.0, 500.0, 150.0], "scale":500.0, "texture":8 },
      { "type":"Block", "pos":[2000.0, -500.0, 650.0], "scale":500.0, "texture":8 },
      { "type":"Block", "pos":[2000.0, 500.0, 650.0], "scale":500.0, "texture":8 },
      { "type":"Block", "pos":[2500.0, -500.0, -350.0], "scale":500.0, "texture":8 },
      { "type":"Block", "pos":[2500.0, 500.0, -350.0], "scale":500.0, "texture":8 },
      { "type":"Block", "pos":[2500.0, -500.0, 150.0], "scale":500.0, "texture":8 },
      { "type":"Block", "pos":[2500.0, 500.0, 150.0], "scale":500.0, "texture":8 },
      { "type":"Block", "pos":[2500.0, -500.0, 650.0], "scale":500.0, "texture":8 },
      { "type":"Block", "pos":[2500.0, 500.0, 650.0], "scale":500.0, "texture":8 },
      { "type":"Block", "pos":[3000.0, -500.0, -350.0], "scale":500.0, "texture":8 },
      { "type":"Block", "pos":[3000.0, 500.0, -350.0], "scale":500.0, "texture":8 },
      { "type":"Block", "pos":[3000.0, -500.0, 150.0], "scale":500.0, "texture":8 },
      { "type":"Block", "pos":[3000.0, 500.0, 150.0], "scale":500.0, "texture":8 },
      { "type":"Block", "pos":[3000.0, -500.0, 650.0], "scale":500.0, "texture":8 },
      { "type":"Block", "pos":[3000.0, 500.0, 650.0], "scale":500.0, "texture":8 },
      { "type":"Block", "pos":[3500.0, -500.0, -350.0], "scale":500.0, "texture":8 },
      { "type":"Block", "pos":[3500.0, 500.0, -350.0], "scale":500.0, "texture":8 },
      { "type":"Block", "pos":[3500.0, -500.0, 150.0], "scale":500.0, "texture":8 },
      { "type":"Block", "pos":[3500.0, 500.0, 150.0], "scale":500.0, "texture":8 },
      { "type":"Block", "pos":[3500.0, -500.0, 650.0], "scale":500.0, "texture":8 },
      { "type":"Block", "pos":[3500.0, 500.0, 650.0], "scale":500.0, "texture":8 },
      { "type":"Block", "pos":[4000.0, -500.0, -350.0], "scale":500.0, "texture":8 },
      { "type":"Block", "pos":[4000.0, 500.0, -350.0], "scale":500.0, "texture":8 },
      { "type":"Block", "pos":[4000.0, -500.0, 150.0], "scale":500.0, "texture":8 },
      { "type":"Block", "pos":[4000.0, 500.0, 150.0], "scale":500.0, "texture":8 },
      { "type":"Block", "pos":[4000.0, -500.0, 650.0], "scale":500.0, "texture":8 },
      { "type":"Block", "pos":[4000.0, 500.0, 650.0], "scale":500.0, "texture":8 },
      { "type":"Block", "pos":[4500.0, -500.0, -350.0], "scale":500.0, "texture":8 },
      { "type":"Block", "pos":[4500.0, 500.0, -350.0], "scale":500.0, "texture":8 },
      { "type":"Block", "pos":[4500.0, -500.0, 150.0], "scale":500.0, "texture":8 },
      { "type":"Block", "pos":[4500.0, 500.0, 150.0], "scale":500.0, "texture":8 },
      { "type":"Block", "pos":[4500.0, -500.0, 650.0], "scale":500.0, "texture":8 },
      { "type":"Block", "pos":[4500.0, 500.0, 650.0], "scale":500.0, "texture":8 },
      { "type":"Block", "pos":[5000.0, -500.0, -350.0], "scale":500.0, "texture":8 },
      { "type":"Block", "pos":[5000.0, 500.0, -350.0], "scale":500.0, "texture":8 },
      { "type":"Block", "pos":[5000.0, -500.0, 150.0], "scale":500.0, "texture":8 },
      { "type":"Block", "pos":[5000.0, 500.0, 150.0], "scale":500.0, "texture":8 },
      { "type":"Block", "pos":[5000.0, -500.0, 650.0], "scale":500.0, "texture":8 },
      { "type":"Block", "pos":[5000.0, 500.0, 650.0], "scale":500.0, "texture":8 },
      { "type":"Block", "pos":[5500.0, -500.0, -350.0], "scale":500.0, "texture":8 },
      { "type":"Block", "pos":[5500.0, 500.0, -350.0], "scale":500.0, "texture":8 },
      { "type":"Block", "pos":[5500.0, -500.0, 150.0], "scale":500.0, "texture":8 },
      { "type":"Block", "pos":[5500.0, 500.0, 150.0], "scale":500.0, "texture":8 },
      { "type":"Block", "pos":[5500.0, -500.0, 650.0], "scale":500.0, "texture":8 },
      { "type":"Block", "pos":[5500.0, 500.0, 650.0], "scale":500.0, "texture":8 },
      { "type":"Block", "pos":[6000.0, -500.0, -350.0], "scale":500.0, "texture":8 },
      { "type":"Block", "pos":[6000.0, 500.0, -350.0], "scale":500.0, "texture":8 },
      { "type":"Block", "pos":[6000.0, -500.0, 150.0], "scale":500.0, "texture":8 },
      { "type":"Block", "pos":[6000.0, 500.0, 150.0], "scale":500.0, "texture":8 },
      { "type":"Block", "pos":[6000.0, -500.0, 650.0], "scale":500.0, "texture":8 },
      { "type":"Block", "pos":[6000.0, 500.0, 650.0], "scale":500.0, "texture":8 },
      { "type":"Block", "pos":[6500.0, -500.0, -350.0], "scale":500.0, "texture":8 },
      { "type":"Block", "pos":[6500.0, 500.0, -350.0], "scale":500.0, "texture":8 },
      { "type":"Block", "pos":[6500.0, -500.0, 150.0], "scale":500.0, "texture":8 },
      { "type":"Block", "pos":[6500.0, 500.0, 150.0], "scale":500.0, "texture":8 },
      { "type":"Block", "pos":[6500.0, -500.0, 650.0], "scale":500.0, "texture":8 },
      { "type":"Block", "pos":[6500.0, 500.0, 650.0], "scale":500.0, "texture":8 },
      { "type":"Block", "pos":[7000.0, -500.0, -350.0], "scale":500.0, "texture":8 },
      { "type":"Block", "pos":[7000.0, 500.0, -350.0], "scale":500.0, "texture":8 },
      { "type":"Block", "pos":[7000.0, -500.0, 150.0], "scale":500.0, "texture":8 },
      { "type":"Block", "pos":[7000.0, 500.0, 150.0], "scale":500.0, "texture":8 },
      { "type":"Block", "pos":[7000.0, -500.0, 650.0], "scale":500.0, "texture":8 },
      { "type":"Block", "pos":[7000.0, 500.0, 650.0], "scale":500.0, "texture":8 },
      { "type":"Block", "pos":[7500.0, -500.0, -350.0], "scale":500.0, "texture":8 },
      { "type":"Block", "pos":[7500.0, 500.0, -350.0], "scale":500.0, "texture":8 },
      { "type":"Block", "pos":[7500.0, -500.0, 150.0], "scale":500.0, "texture":8 },
      { "type":"Block", "pos":[7500.0, 500.0, 150.0], "scale":500.0, "texture":8 },
      { "type":"Block", "pos":[7500.0, -500.0, 650.0], "scale":500.0, "texture":8 },
      { "type":"Block", "pos":[7500.0, 500.0, 650.0], "scale":500.0, "texture":8 },
      { "type":"Block", "pos":[8000.0, -500.0, -350.0], "scale":500.0, "texture":8 },
      { "type":"Block", "pos":[8000.0, 500.0, -350.0], "scale":500.0, "texture":8 },
      { "type":"Block", "pos":[8000.0, -500.0, 150.0], "scale":500.0, "texture":8 },
      { "type":"Block", "pos":[8000.0, 500.0, 150.0], "scale":500.0, "texture":8 },
      { "type":"Block", "pos":[8000.0, -500.0, 650.0], "scale":500.0, "texture":8 },
      { "type":"Block", "pos":[8000.0, 500.0, 650.0], "scale":500.0, "texture":8 },
		{ "type":"Block", "pos":[8500.0, -500.0, -350.0], "scale":500.0, "texture":8 },
      { "type":"Block", "pos":[8500.0, 500.0, -350.0], "scale":500.0, "texture":8 },
      { "type":"Block", "pos":[8500.0, -500.0, 150.0], "scale":500.0, "texture":8 },
      { "type":"Block", "pos":[8500.0, 500.0, 150.0], "scale":500.0, "texture":8 },
      { "type":"Block", "pos":[8500.0, -500.0, 650.0], "scale":500.0, "texture":8 },
      { "type":"Block", "pos":[8500.0, 500.0, 650.0], "scale":500.0, "texture":8 },
		{ "type":"Block", "pos":[9000.0, -500.0, -350.0], "scale":500.0, "texture":8 },
      { "type":"Block", "pos":[9000.0, 500.0, -350.0], "scale":500.0, "texture":8 },
      { "type":"Block", "pos":[9000.0, -500.0, 150.0], "scale":500.0, "texture":8 },
      { "type":"Block", "pos":[9000.0, 500.0, 150.0], "scale":500.0, "texture":8 },
      { "type":"Block", "pos":[9000.0, -500.0, 650.0], "scale":500.0, "texture":8 },
      { "type":"Block", "pos":[9000.0, 500.0, 650.0], "scale":500.0, "texture":8 },
      { "type":"Block", "pos":[9250.0, 0.0, -350.0], "scale":500.0, "texture":7 },
      { "type":"Block", "pos":[9250.0, 0.0, 150.0], "scale":500.0, "texture":7 },
      { "type":"Block", "pos":[9250.0, 0.0, 650.0], "scale":500.0, "texture":7 },
		{ "type":"LaserMine", "pos":[7550.0, -249.0, 160.0], "quat":[0.0, 0.0, 0.706825, 0.707388] },
		{ "type":"SecurityCamera", "pos":[8550.0, -249.0, 300.0], "quat":[0.0, 0.408248, 0.288675, 0.866025],
			"startQ":[0.0, 0.408248, 0.288675, 0.866025], "endQ":[0.0, 0.707106, 0.500000, 0.499999],
			"interpTime":4.0, "pauseTime":2.5 },
      { "type":"Player", "pos":[-100.0, 0.0, 0.0] },
      { "type":"Checkpoint", "pos":[-100.0, 0.0, -50.0], "text":"Welcome to PARKOUR'S EDGE!\nUse W to run forward" },
      { "type":"Checkpoint", "pos":[500.0, 0.0, -50.0], "text":"Use SPACE to jump" },
      { "type":"Checkpoint", "pos":[1750.0, 0.0, -50.0], "text":"You can climb short walls by running forward" },
      { "type":"Checkpoint", "pos":[2500.0, 0.0, 50.0], "text":"To climb taller walls,\njump at the wall while running forward" },
      { "type":"Checkpoint", "pos":[3000.0, 0.0, 300.0], "text":"Use the MOUSE to rotate\nand S/D to strafe" },
      { "type":"Checkpoint", "pos":[3500.0, -220.0, 300.0], "text":"To wall run,\nrun alongside the wall and jump" },
      { "type":"Checkpoint", "pos":[5000.0, 0.0, 300.0], "text":"Hey, it's an antique...\nThat'll fetch a good price." },
      { "type":"Checkpoint", "pos":[6000.0, 0.0, 300.0], "text":"MIND THE GAP" },
		{ "type":"Checkpoint", "pos":[7250.0, 0.0, 150.0], "text":"Don't trip laser mines" },
		{ "type":"Checkpoint", "pos":[7950.0, 0.0, 150.0], "text":"Hide from the security cameras" },
      { "type":"Checkpoint", "pos":[8850.0, 0.0, 150.0], "text":"TUTORIAL COMPLETE!", "level":"Assets/Stage01.json" },
      { "type":"Coin", "pos":[5500.0, 0.0, 300.0], "scale":0.25 }
   ]
}
